nombre,apellidos,dni,telefono,especialidad,correo,contrasena
Antonio,Gómez Navarro,10099999D,610000777,Matemáticas,profesor1@juego-02.school.test,Profe123!
María,Jiménez Santos,10199998G,610001554,Lengua Castellana,profesor2@juego-02.school.test,Profe123!
José,Blanco López,10299997E,610002331,Inglés,profesor3@juego-02.school.test,Profe123!
Carmen,Medina Torres,10399996V,610003108,Historia,profesor4@juego-02.school.test,Profe123!
Manuel,Muñoz Medina,10499995N,610003885,Ciencias Naturales,profesor5@juego-02.school.test,Profe123!
Ana,López Martínez,10599994F,610004662,Física y Química,profesor6@juego-02.school.test,Profe123!
Francisco,Díaz Jiménez,10699993W,610005439,Educación Física,profesor7@juego-02.school.test,Profe123!
Laura,Navarro Serrano,10799992C,610006216,Arte,profesor8@juego-02.school.test,Profe123!
David,Suárez García,10899991S,610006993,Música,profesor9@juego-02.school.test,Profe123!
Elena,Cabrera Gutiérrez,10999990X,610007770,Tecnología,profesor10@juego-02.school.test,Profe123!
Pedro,Delgado Herrera,11099989M,610008547,Geografía,profesor11@juego-02.school.test,Profe123!
Isabel,Pérez Cruz,11199988T,610009324,Filosofía,profesor12@juego-02.school.test,Profe123!
Javier,Alonso Álvarez,11299987H,610010101,Biología,profesor13@juego-02.school.test,Profe123!
Lucía,Moreno Vargas,11399986J,610010878,Química,profesor14@juego-02.school.test,Profe123!
Miguel,Vargas Mora,11499985P,610011655,Economía,profesor15@juego-02.school.test,Profe123!
Rosa,Fuentes Alonso,11599984A,610012432,Matemáticas,profesor16@juego-02.school.test,Profe123!
Carlos,Cruz Ramos,11699983K,610013209,Lengua Castellana,profesor17@juego-02.school.test,Profe123!
Marta,Rodríguez Delgado,11799982Q,610013986,Inglés,profesor18@juego-02.school.test,Profe123!
Álvaro,Gutiérrez Romero,11899981B,610014763,Historia,profesor19@juego-02.school.test,Profe123!
Beatriz,Molina Suárez,11999980Y,610015540,Ciencias Naturales,profesor20@juego-02.school.test,Profe123!
Alejandro,Serrano Reyes,12099979R,610016317,Física y Química,profesor21@juego-02.school.test,Profe123!
Nuria,Vázquez Díaz,12199978L,610017094,Educación Física,profesor22@juego-02.school.test,Profe123!
Roberto,Martínez Castro,12299977Z,610017871,Arte,profesor23@juego-02.school.test,Profe123!
Sandra,Fernández Muñoz,12399976D,610018648,Música,profesor24@juego-02.school.test,Profe123!
Pablo,Torres Fernández,12499975G,610019425,Tecnología,profesor25@juego-02.school.test,Profe123!
Cristina,Castro Blanco,12599974E,610020202,Geografía,profesor26@juego-02.school.test,Profe123!
Fernando,Santos Vázquez,12699973V,610020979,Filosofía,profesor27@juego-02.school.test,Profe123!
Patricia,Reyes Gómez,12799972N,610021756,Biología,profesor28@juego-02.school.test,Profe123!
Andrés,Sánchez Molina,12899971F,610022533,Química,profesor29@juego-02.school.test,Profe123!
Pilar,Romero Ortega,12999970W,610023310,Economía,profesor30@juego-02.school.test,Profe123!
Antonio,Domínguez Rodríguez,13099969C,610024087,Matemáticas,profesor31@juego-02.school.test,Profe123!
María,Ramos Ruiz,13199968S,610024864,Lengua Castellana,profesor32@juego-02.school.test,Profe123!
José,Flores Fuentes,13299967X,610025641,Inglés,profesor33@juego-02.school.test,Profe123!
Carmen,Mora González,13399966M,610026418,Historia,profesor34@juego-02.school.test,Profe123!
Manuel,González Moreno,13499965T,610027195,Ciencias Naturales,profesor35@juego-02.school.test,Profe123!
Ana,Álvarez Flores,13599964H,610027972,Física y Química,profesor36@juego-02.school.test,Profe123!
Francisco,Ruiz Pérez,13699963J,610028749,Educación Física,profesor37@juego-02.school.test,Profe123!
Laura,Herrera Domínguez,13799962P,610029526,Arte,profesor38@juego-02.school.test,Profe123!
David,Ortega Cabrera,13899961A,610030303,Música,profesor39@juego-02.school.test,Profe123!
Elena,García Sánchez,13999960K,610031080,Tecnología,profesor40@juego-02.school.test,Profe123!
Pedro,Gómez Navarro,14099959Q,610031857,Geografía,profesor41@juego-02.school.test,Profe123!
Isabel,Jiménez Santos,14199958B,610032634,Filosofía,profesor42@juego-02.school.test,Profe123!
Javier,Blanco López,14299957Y,610033411,Biología,profesor43@juego-02.school.test,Profe123!
Lucía,Medina Torres,14399956R,610034188,Química,profesor44@juego-02.school.test,Profe123!
Miguel,Muñoz Medina,14499955L,610034965,Economía,profesor45@juego-02.school.test,Profe123!
Rosa,López Martínez,14599954Z,610035742,Matemáticas,profesor46@juego-02.school.test,Profe123!
Carlos,Díaz Jiménez,14699953D,610036519,Lengua Castellana,profesor47@juego-02.school.test,Profe123!
Marta,Navarro Serrano,14799952G,610037296,Inglés,profesor48@juego-02.school.test,Profe123!
Álvaro,Suárez García,14899951E,610038073,Historia,profesor49@juego-02.school.test,Profe123!
Beatriz,Cabrera Gutiérrez,14999950V,610038850,Ciencias Naturales,profesor50@juego-02.school.test,Profe123!
Alejandro,Delgado Herrera,15099949N,610039627,Física y Química,profesor51@juego-02.school.test,Profe123!
Nuria,Pérez Cruz,15199948F,610040404,Educación Física,profesor52@juego-02.school.test,Profe123!
Roberto,Alonso Álvarez,15299947W,610041181,Arte,profesor53@juego-02.school.test,Profe123!
Sandra,Moreno Vargas,15399946C,610041958,Música,profesor54@juego-02.school.test,Profe123!
Pablo,Vargas Mora,15499945S,610042735,Tecnología,profesor55@juego-02.school.test,Profe123!
Cristina,Fuentes Alonso,15599944X,610043512,Geografía,profesor56@juego-02.school.test,Profe123!
Fernando,Cruz Ramos,15699943M,610044289,Filosofía,profesor57@juego-02.school.test,Profe123!
Patricia,Rodríguez Delgado,15799942T,610045066,Biología,profesor58@juego-02.school.test,Profe123!
Andrés,Gutiérrez Romero,15899941H,610045843,Química,profesor59@juego-02.school.test,Profe123!
Pilar,Molina Suárez,15999940J,610046620,Economía,profesor60@juego-02.school.test,Profe123!
Antonio,Serrano Reyes,16099939P,610047397,Matemáticas,profesor61@juego-02.school.test,Profe123!
María,Vázquez Díaz,16199938A,610048174,Lengua Castellana,profesor62@juego-02.school.test,Profe123!
José,Martínez Castro,16299937K,610048951,Inglés,profesor63@juego-02.school.test,Profe123!
Carmen,Fernández Muñoz,16399936Q,610049728,Historia,profesor64@juego-02.school.test,Profe123!
Manuel,Torres Fernández,16499935B,610050505,Ciencias Naturales,profesor65@juego-02.school.test,Profe123!
Ana,Castro Blanco,16599934Y,610051282,Física y Química,profesor66@juego-02.school.test,Profe123!
Francisco,Santos Vázquez,16699933R,610052059,Educación Física,profesor67@juego-02.school.test,Profe123!
Laura,Reyes Gómez,16799932L,610052836,Arte,profesor68@juego-02.school.test,Profe123!
David,Sánchez Molina,16899931Z,610053613,Música,profesor69@juego-02.school.test,Profe123!
Elena,Romero Ortega,16999930D,610054390,Tecnología,profesor70@juego-02.school.test,Profe123!
Pedro,Domínguez Rodríguez,17099929G,610055167,Geografía,profesor71@juego-02.school.test,Profe123!
Isabel,Ramos Ruiz,17199928E,610055944,Filosofía,profesor72@juego-02.school.test,Profe123!
Javier,Flores Fuentes,17299927V,610056721,Biología,profesor73@juego-02.school.test,Profe123!
Lucía,Mora González,17399926N,610057498,Química,profesor74@juego-02.school.test,Profe123!
Miguel,González Moreno,17499925F,610058275,Economía,profesor75@juego-02.school.test,Profe123!
Rosa,Álvarez Flores,17599924W,610059052,Matemáticas,profesor76@juego-02.school.test,Profe123!
Carlos,Ruiz Pérez,17699923C,610059829,Lengua Castellana,profesor77@juego-02.school.test,Profe123!
Marta,Herrera Domínguez,17799922S,610060606,Inglés,profesor78@juego-02.school.test,Profe123!
Álvaro,Ortega Cabrera,17899921X,610061383,Historia,profesor79@juego-02.school.test,Profe123!
Beatriz,García Sánchez,17999920M,610062160,Ciencias Naturales,profesor80@juego-02.school.test,Profe123!
Alejandro,Gómez Navarro,18099919T,610062937,Física y Química,profesor81@juego-02.school.test,Profe123!
Nuria,Jiménez Santos,18199918H,610063714,Educación Física,profesor82@juego-02.school.test,Profe123!
Roberto,Blanco López,18299917J,610064491,Arte,profesor83@juego-02.school.test,Profe123!
Sandra,Medina Torres,18399916P,610065268,Música,profesor84@juego-02.school.test,Profe123!
Pablo,Muñoz Medina,18499915A,610066045,Tecnología,profesor85@juego-02.school.test,Profe123!
Cristina,López Martínez,18599914K,610066822,Geografía,profesor86@juego-02.school.test,Profe123!
Fernando,Díaz Jiménez,18699913Q,610067599,Filosofía,profesor87@juego-02.school.test,Profe123!
Patricia,Navarro Serrano,18799912B,610068376,Biología,profesor88@juego-02.school.test,Profe123!
Andrés,Suárez García,18899911Y,610069153,Química,profesor89@juego-02.school.test,Profe123!
Pilar,Cabrera Gutiérrez,18999910R,610069930,Economía,profesor90@juego-02.school.test,Profe123!
